app,dataset,nodes,execs,cores,omp,slots,tasks_per_node,p3_stage_s,p3_median,p3_max,p3_sum,usable_par,p3b_stage_s,p3b_median
application_1789426209498_0035,ogbn-products,12,48,192,2,192,16.0,90.1,21.4,72.9,11471.0,157.4,194.6,22.1
application_1789426209498_0036,ogbn-products,12,32,128,2,128,10.7,102.8,16.9,65.2,9031.0,138.5,172.7,17.5
application_1789426209498_0037,ogbn-products,12,16,64,2,64,5.3,129.5,12.9,48.8,7037.0,144.2,230.6,15.0
application_1789426209498_0021,ogbn-products,8,32,128,2,128,16.0,129.6,20.2,123.9,12296.0,99.2,209.8,21.4
application_1789426209498_0022,ogbn-products,8,16,64,2,64,8.0,142.0,13.5,61.6,7828.0,127.0,244.7,15.7
application_1789426209498_0023,ogbn-products,7,8,32,2,32,4.6,228.3,12.2,49.5,6824.0,137.9,429.7,14.5
application_1789426209498_0015,ogbn-products,4,16,128,1,128,32.0,247.7,35.2,169.4,21809.0,128.8,,
application_1789426209498_0014,ogbn-products,4,32,128,1,128,32.0,221.1,39.1,154.3,21374.0,138.5,,
application_1789426209498_0011,ogbn-products,4,32,128,1,128,32.0,214.7,37.8,155.4,21055.0,135.5,394.6,35.1
application_1789426209498_0010,ogbn-products,4,32,128,1,128,32.0,213.2,37.2,149.5,20677.0,138.3,394.4,35.9
application_1789426209498_0016,ogbn-products,4,16,64,2,64,16.0,206.7,22.0,81.0,11926.0,147.3,,
application_1789426209498_0012,ogbn-products,4,16,64,1,64,16.0,238.3,21.9,95.4,13192.0,138.3,385.5,21.4
application_1789426209498_0017,ogbn-products,4,8,32,4,32,8.0,249.4,13.8,61.8,7652.0,123.9,,
application_1789426209498_0013,ogbn-products,4,8,32,1,32,8.0,360.0,18.2,82.0,10689.0,130.4,576.9,18.8
application_1789426209498_0009,reddit,4,32,128,1,128,32.0,,,,,,533.4,58.4
application_1789426209498_0006,reddit,4,32,128,1,128,32.0,109.4,39.0,109.4,4044.0,37.0,547.9,57.4
application_1789426209498_0007,reddit,4,16,64,1,64,16.0,111.5,35.0,111.5,4014.0,36.0,516.3,41.7
application_1789426209498_0008,reddit,4,8,32,1,32,8.0,143.9,30.8,92.5,3213.0,34.7,550.3,38.4
